id,nick,elo
1,MarekJ,998.1999999999999
2,JakubC,1039.3999999999999
3,TuanLe,1001.8000000000001
4,StepanM,960.6
